"StoryPoints","Updated","Created","Branch","snum1","snum2","snum3","snum4","snum5","snum6"
2,"Oct-27-2022 3:26 PM","Oct-27-2022 1:58 PM",5507,136,NA,NA,NA,NA,NA
1,"Oct-29-2022 9:11 AM","Oct-27-2022 11:36 AM",5505,136,NA,NA,NA,NA,NA
1,"Oct-28-2022 11:38 AM","Oct-27-2022 11:18 AM",5503,136,NA,NA,NA,NA,NA
2,"Oct-26-2022 12:02 PM","Oct-26-2022 7:02 AM",5485,136,NA,NA,NA,NA,NA
3,"Oct-26-2022 8:59 AM","Oct-25-2022 1:03 PM",5484,136,NA,NA,NA,NA,NA
1,"Oct-28-2022 3:26 PM","Oct-25-2022 1:02 PM",5483,136,NA,NA,NA,NA,NA
3,"Oct-28-2022 6:37 AM","Oct-25-2022 9:08 AM",5481,136,NA,NA,NA,NA,NA
1,"Oct-27-2022 1:58 PM","Oct-24-2022 3:40 PM",5480,136,NA,NA,NA,NA,NA
2,"Oct-26-2022 7:23 AM","Oct-24-2022 2:30 PM",5479,136,NA,NA,NA,NA,NA
5,"Oct-27-2022 9:23 AM","Oct-24-2022 10:57 AM",5472,136,NA,NA,NA,NA,NA
5,"Oct-23-2022 9:10 AM","Oct-22-2022 8:15 AM",5469,136,NA,NA,NA,NA,NA
3,"Oct-21-2022 4:48 PM","Oct-21-2022 3:27 PM",5468,136,NA,NA,NA,NA,NA
1,"Oct-21-2022 4:40 PM","Oct-21-2022 10:21 AM",5466,136,NA,NA,NA,NA,NA
5,"Oct-22-2022 8:15 AM","Oct-21-2022 10:07 AM",5465,136,NA,NA,NA,NA,NA
2,"Oct-21-2022 12:15 PM","Oct-20-2022 4:38 PM",5464,136,NA,NA,NA,NA,NA
1,"Oct-21-2022 9:14 AM","Oct-19-2022 9:55 AM",5463,136,NA,NA,NA,NA,NA
2,"Oct-24-2022 9:07 AM","Oct-19-2022 9:53 AM",5462,136,NA,NA,NA,NA,NA
5,"Oct-25-2022 9:07 AM","Oct-19-2022 9:41 AM",5460,136,NA,NA,NA,NA,NA
2.5,"Oct-26-2022 10:07 AM","Oct-18-2022 11:53 AM",5455,136,NA,NA,NA,NA,NA
3,"Oct-19-2022 10:19 AM","Oct-18-2022 10:23 AM",5454,136,NA,NA,NA,NA,NA
0.5,"Oct-25-2022 12:19 PM","Oct-18-2022 7:49 AM",5453,136,NA,NA,NA,NA,NA
1,"Oct-17-2022 8:04 AM","Oct-17-2022 7:23 AM",5451,135,NA,NA,NA,NA,NA
1,"Oct-17-2022 7:22 AM","Oct-17-2022 7:22 AM",5450,135,NA,NA,NA,NA,NA
4,"Oct-24-2022 3:40 PM","Oct-13-2022 4:04 PM",5448,136,NA,NA,NA,NA,NA
1,"Oct-14-2022 9:37 AM","Oct-12-2022 9:41 AM",5445,135,NA,NA,NA,NA,NA
3,"Oct-17-2022 6:14 AM","Oct-11-2022 4:30 PM",5444,135,NA,NA,NA,NA,NA
2,"Oct-17-2022 6:15 AM","Oct-11-2022 2:07 PM",5443,135,NA,NA,NA,NA,NA
5,"Oct-17-2022 11:22 AM","Oct-09-2022 11:02 AM",5441,135,NA,NA,NA,NA,NA
4,"Oct-11-2022 1:23 PM","Oct-09-2022 9:50 AM",5440,135,NA,NA,NA,NA,NA
0.25,"Oct-09-2022 9:44 AM","Oct-09-2022 9:39 AM",5439,135,NA,NA,NA,NA,NA
1,"Oct-26-2022 10:09 AM","Oct-07-2022 3:26 PM",5433,136,NA,NA,NA,NA,NA
4,"Oct-26-2022 10:07 AM","Oct-07-2022 3:24 PM",5427,136,NA,NA,NA,NA,NA
4,"Oct-28-2022 7:29 AM","Oct-07-2022 3:21 PM",5423,136,NA,NA,NA,NA,NA
3,"Oct-17-2022 6:14 AM","Oct-07-2022 2:12 PM",5422,135,NA,NA,NA,NA,NA
3,"Oct-11-2022 4:31 PM","Oct-07-2022 2:09 PM",5421,135,NA,NA,NA,NA,NA
5,"Oct-17-2022 12:39 PM","Oct-06-2022 6:51 PM",5419,135,NA,NA,NA,NA,NA
2,"Oct-17-2022 6:14 AM","Oct-05-2022 4:38 PM",5417,135,NA,NA,NA,NA,NA
3,"Oct-09-2022 9:36 AM","Oct-05-2022 2:32 PM",5416,135,NA,NA,NA,NA,NA
1,"Oct-07-2022 7:29 AM","Oct-05-2022 10:28 AM",5410,135,NA,NA,NA,NA,NA
4,"Oct-17-2022 6:13 AM","Oct-05-2022 9:54 AM",5409,135,NA,NA,NA,NA,NA
1,"Oct-18-2022 11:56 AM","Oct-04-2022 10:08 AM",5402,135,NA,NA,NA,NA,NA
5,"Oct-17-2022 6:14 AM","Oct-04-2022 10:02 AM",5401,135,NA,NA,NA,NA,NA
1,"Oct-05-2022 10:14 AM","Oct-04-2022 9:53 AM",5400,134,NA,NA,NA,NA,NA
2,"Oct-17-2022 10:51 AM","Oct-04-2022 8:14 AM",5399,135,NA,NA,NA,NA,NA
5,"Oct-18-2022 4:26 PM","Oct-03-2022 5:07 PM",5398,135,NA,NA,NA,NA,NA
2,"Oct-18-2022 4:28 PM","Oct-03-2022 5:00 PM",5396,135,NA,NA,NA,NA,NA
1,"Oct-04-2022 8:25 AM","Oct-03-2022 4:54 PM",5394,134,NA,NA,NA,NA,NA
3,"Oct-07-2022 1:57 PM","Oct-03-2022 4:51 PM",5393,135,NA,NA,NA,NA,NA
3,"Oct-04-2022 9:29 AM","Oct-03-2022 2:00 PM",5392,134,NA,NA,NA,NA,NA
3,"Oct-05-2022 9:54 AM","Oct-03-2022 1:11 PM",5391,134,NA,NA,NA,NA,NA
1,"Oct-04-2022 10:08 AM","Oct-03-2022 11:59 AM",5390,134,NA,NA,NA,NA,NA
2.5,"Oct-03-2022 11:59 AM","Oct-03-2022 11:57 AM",5389,134,NA,NA,NA,NA,NA
5,"Oct-19-2022 8:47 AM","Oct-03-2022 8:14 AM",5383,135,NA,NA,NA,NA,NA
5,"Oct-09-2022 9:23 AM","Oct-03-2022 8:13 AM",5382,135,NA,NA,NA,NA,NA
2,"Oct-06-2022 7:49 AM","Oct-03-2022 8:10 AM",5381,135,NA,NA,NA,NA,NA
3,"Oct-09-2022 8:48 AM","Oct-03-2022 8:08 AM",5380,135,NA,NA,NA,NA,NA
2,"Oct-06-2022 11:05 AM","Oct-03-2022 8:07 AM",5379,135,NA,NA,NA,NA,NA
4,"Oct-05-2022 9:46 AM","Oct-03-2022 6:55 AM",5378,134,NA,NA,NA,NA,NA
1,"Oct-02-2022 4:44 PM","Oct-02-2022 4:35 PM",5377,134,NA,NA,NA,NA,NA
3,"Oct-04-2022 4:49 PM","Oct-01-2022 8:13 AM",5376,134,NA,NA,NA,NA,NA
2,"Sep-30-2022 9:13 PM","Sep-30-2022 9:07 PM",5375,134,NA,NA,NA,NA,NA
4,"Sep-30-2022 9:12 PM","Sep-30-2022 9:02 PM",5374,134,NA,NA,NA,NA,NA
5,"Sep-30-2022 9:12 PM","Sep-30-2022 8:54 PM",5373,134,NA,NA,NA,NA,NA
1,"Oct-28-2022 1:01 PM","Sep-30-2022 11:13 AM",5370,136,NA,NA,NA,NA,NA
2,"Oct-28-2022 1:01 PM","Sep-30-2022 11:12 AM",5369,136,NA,NA,NA,NA,NA
1,"Oct-26-2022 11:33 AM","Sep-30-2022 10:59 AM",5366,136,NA,NA,NA,NA,NA
0.5,"Oct-18-2022 8:16 PM","Sep-30-2022 10:58 AM",5365,135,NA,NA,NA,NA,NA
0.5,"Oct-18-2022 8:16 PM","Sep-30-2022 10:58 AM",5364,135,NA,NA,NA,NA,NA
1.5,"Oct-17-2022 4:48 PM","Sep-30-2022 10:55 AM",5363,135,NA,NA,NA,NA,NA
1,"Oct-18-2022 4:25 PM","Sep-30-2022 10:54 AM",5362,135,NA,NA,NA,NA,NA
1,"Oct-26-2022 10:50 AM","Sep-30-2022 10:53 AM",5361,136,NA,NA,NA,NA,NA
3,"Oct-27-2022 9:15 AM","Sep-30-2022 10:51 AM",5360,136,NA,NA,NA,NA,NA
5,"Oct-17-2022 9:08 AM","Sep-30-2022 10:48 AM",5359,135,NA,NA,NA,NA,NA
0.5,"Sep-30-2022 1:36 PM","Sep-30-2022 10:41 AM",5357,134,NA,NA,NA,NA,NA
1,"Oct-07-2022 2:49 PM","Sep-30-2022 10:08 AM",5356,135,NA,NA,NA,NA,NA
2,"Sep-30-2022 7:19 AM","Sep-30-2022 6:40 AM",5355,NA,NA,NA,NA,NA,NA
5,"Oct-05-2022 6:21 AM","Sep-29-2022 9:30 AM",5354,134,NA,NA,NA,NA,NA
3,"Sep-28-2022 4:26 PM","Sep-28-2022 4:26 PM",5353,134,NA,NA,NA,NA,NA
3,"Sep-30-2022 7:30 AM","Sep-28-2022 11:16 AM",5352,134,NA,NA,NA,NA,NA
4,"Oct-18-2022 12:00 PM","Sep-28-2022 8:44 AM",5351,135,NA,NA,NA,NA,NA
4,"Oct-18-2022 7:09 PM","Sep-28-2022 8:44 AM",5350,135,NA,NA,NA,NA,NA
4,"Oct-18-2022 7:09 PM","Sep-28-2022 8:44 AM",5349,135,NA,NA,NA,NA,NA
4,"Oct-18-2022 7:09 PM","Sep-28-2022 8:44 AM",5348,135,NA,NA,NA,NA,NA
4,"Oct-17-2022 6:15 AM","Sep-28-2022 8:43 AM",5347,135,NA,NA,NA,NA,NA
4,"Oct-18-2022 7:09 PM","Sep-28-2022 8:43 AM",5346,135,NA,NA,NA,NA,NA
4,"Oct-17-2022 6:15 AM","Sep-28-2022 8:43 AM",5345,135,NA,NA,NA,NA,NA
4,"Oct-17-2022 4:16 PM","Sep-28-2022 8:43 AM",5344,135,NA,NA,NA,NA,NA
2,"Oct-17-2022 6:15 AM","Sep-28-2022 8:43 AM",5343,135,NA,NA,NA,NA,NA
2,"Oct-18-2022 7:09 PM","Sep-28-2022 8:43 AM",5342,135,NA,NA,NA,NA,NA
1,"Oct-17-2022 6:15 AM","Sep-28-2022 8:43 AM",5341,135,NA,NA,NA,NA,NA
1,"Oct-18-2022 4:32 PM","Sep-28-2022 8:43 AM",5340,135,NA,NA,NA,NA,NA
1,"Sep-27-2022 12:46 PM","Sep-27-2022 10:22 AM",5337,NA,NA,NA,NA,NA,NA
1,"Oct-03-2022 10:03 AM","Sep-26-2022 9:47 AM",5336,134,NA,NA,NA,NA,NA
2.5,"Sep-26-2022 4:08 PM","Sep-26-2022 9:05 AM",5335,134,NA,NA,NA,NA,NA
5,"Sep-28-2022 12:19 PM","Sep-24-2022 8:19 AM",5334,134,NA,NA,NA,NA,NA
5,"Sep-28-2022 5:59 PM","Sep-23-2022 4:10 PM",5333,NA,NA,NA,NA,NA,NA
5,"Oct-04-2022 7:53 AM","Sep-23-2022 4:07 PM",5332,134,NA,NA,NA,NA,NA
1,"Oct-02-2022 2:04 PM","Sep-23-2022 11:57 AM",5331,134,NA,NA,NA,NA,NA
1,"Sep-26-2022 9:34 AM","Sep-23-2022 10:52 AM",5330,NA,NA,NA,NA,NA,NA
1,"Sep-26-2022 8:48 PM","Sep-23-2022 9:54 AM",5328,134,NA,NA,NA,NA,NA
5,"Oct-03-2022 8:49 AM","Sep-21-2022 4:03 PM",5327,134,NA,NA,NA,NA,NA
1,"Sep-27-2022 8:56 AM","Sep-21-2022 9:51 AM",5326,134,NA,NA,NA,NA,NA
5,"Sep-27-2022 8:42 AM","Sep-21-2022 7:12 AM",5323,134,NA,NA,NA,NA,NA
2,"Sep-30-2022 9:08 PM","Sep-20-2022 8:56 PM",5321,134,NA,NA,NA,NA,NA
3,"Sep-28-2022 4:42 PM","Sep-20-2022 8:56 PM",5320,134,NA,NA,NA,NA,NA
5,"Oct-06-2022 11:06 AM","Sep-20-2022 12:54 PM",5319,135,NA,NA,NA,NA,NA
5,"Oct-04-2022 10:28 AM","Sep-20-2022 12:52 PM",5318,134,NA,NA,NA,NA,NA
1,"Sep-28-2022 5:56 PM","Sep-20-2022 10:23 AM",5317,NA,NA,NA,NA,NA,NA
1,"Sep-29-2022 11:57 AM","Sep-20-2022 10:16 AM",5315,NA,NA,NA,NA,NA,NA
3,"Sep-29-2022 9:15 AM","Sep-20-2022 9:19 AM",5314,134,NA,NA,NA,NA,NA
3,"Oct-11-2022 9:20 PM","Sep-20-2022 9:17 AM",5313,135,NA,NA,NA,NA,NA
3,"Sep-20-2022 4:18 PM","Sep-20-2022 9:16 AM",5312,133,NA,NA,NA,NA,NA
4,"Sep-27-2022 9:00 AM","Sep-20-2022 9:15 AM",5311,134,NA,NA,NA,NA,NA
3,"Sep-23-2022 8:45 AM","Sep-20-2022 8:45 AM",5310,134,NA,NA,NA,NA,NA
2,"Sep-20-2022 2:52 PM","Sep-19-2022 3:20 PM",5309,133,NA,NA,NA,NA,NA
4,"Sep-20-2022 5:00 PM","Sep-19-2022 2:42 PM",5308,133,NA,NA,NA,NA,NA
5,"Sep-22-2022 9:10 AM","Sep-19-2022 2:34 PM",5307,134,NA,NA,NA,NA,NA
5,"Sep-30-2022 10:22 AM","Sep-19-2022 1:14 PM",5306,134,NA,NA,NA,NA,NA
5,"Sep-29-2022 8:24 AM","Sep-19-2022 1:11 PM",5305,134,NA,NA,NA,NA,NA
5,"Sep-30-2022 10:05 AM","Sep-19-2022 1:07 PM",5304,134,NA,NA,NA,NA,NA
5,"Oct-05-2022 6:15 AM","Sep-19-2022 1:03 PM",5303,134,NA,NA,NA,NA,NA
2,"Oct-03-2022 8:23 AM","Sep-19-2022 1:02 PM",5302,134,NA,NA,NA,NA,NA
5,"Oct-01-2022 9:18 AM","Sep-19-2022 1:01 PM",5301,134,NA,NA,NA,NA,NA
2,"Sep-22-2022 9:02 AM","Sep-19-2022 1:01 PM",5300,134,NA,NA,NA,NA,NA
3,"Sep-19-2022 2:17 PM","Sep-18-2022 9:00 AM",5299,133,NA,NA,NA,NA,NA
5,"Sep-19-2022 2:17 PM","Sep-17-2022 8:44 AM",5298,133,NA,NA,NA,NA,NA
5,"Sep-20-2022 12:08 PM","Sep-17-2022 7:56 AM",5297,133,NA,NA,NA,NA,NA
5,"Sep-27-2022 9:14 AM","Sep-16-2022 11:07 AM",5296,134,NA,NA,NA,NA,NA
2,"Sep-16-2022 12:20 PM","Sep-16-2022 10:57 AM",5295,133,NA,NA,NA,NA,NA
4,"Oct-17-2022 6:14 AM","Sep-15-2022 4:38 PM",5294,135,NA,NA,NA,NA,NA
8,"Sep-20-2022 8:47 AM","Sep-15-2022 4:25 PM",5293,133,NA,NA,NA,NA,NA
2,"Oct-26-2022 10:07 AM","Sep-15-2022 1:33 PM",5291,136,NA,NA,NA,NA,NA
4,"Oct-04-2022 8:36 PM","Sep-15-2022 1:33 PM",5290,134,NA,NA,NA,NA,NA
5,"Sep-20-2022 5:31 PM","Sep-15-2022 12:59 PM",5289,133,NA,NA,NA,NA,NA
3,"Sep-19-2022 11:15 AM","Sep-15-2022 12:55 PM",5288,133,NA,NA,NA,NA,NA
5,"Sep-20-2022 8:54 PM","Sep-14-2022 8:06 AM",5286,133,NA,NA,NA,NA,NA
5,"Sep-16-2022 2:03 PM","Sep-14-2022 8:05 AM",5285,133,NA,NA,NA,NA,NA
5,"Sep-17-2022 7:56 AM","Sep-14-2022 8:05 AM",5284,133,NA,NA,NA,NA,NA
2,"Sep-14-2022 11:36 AM","Sep-13-2022 5:04 PM",5283,133,NA,NA,NA,NA,NA
2,"Sep-30-2022 9:36 AM","Sep-13-2022 3:58 PM",5282,134,NA,NA,NA,NA,NA
2,"Sep-28-2022 8:43 AM","Sep-13-2022 3:58 PM",5281,134,NA,NA,NA,NA,NA
2,"Oct-03-2022 8:52 PM","Sep-13-2022 3:57 PM",5280,134,NA,NA,NA,NA,NA
2,"Sep-30-2022 7:43 AM","Sep-13-2022 3:57 PM",5279,134,NA,NA,NA,NA,NA
4,"Oct-04-2022 4:34 PM","Sep-13-2022 3:57 PM",5278,134,NA,NA,NA,NA,NA
4,"Oct-04-2022 8:36 PM","Sep-13-2022 3:57 PM",5277,134,NA,NA,NA,NA,NA
4,"Oct-04-2022 10:08 AM","Sep-13-2022 3:56 PM",5276,134,NA,NA,NA,NA,NA
1,"Sep-28-2022 8:43 AM","Sep-13-2022 8:34 AM",5275,134,NA,NA,NA,NA,NA
1,"Oct-03-2022 10:48 AM","Sep-12-2022 9:21 AM",5274,134,NA,NA,NA,NA,NA
3,"Oct-04-2022 8:50 AM","Sep-11-2022 10:02 AM",5271,134,NA,NA,NA,NA,NA
3,"Sep-13-2022 7:14 AM","Sep-10-2022 10:58 AM",5270,133,NA,NA,NA,NA,NA
3,"Sep-12-2022 3:36 PM","Sep-10-2022 7:56 AM",5269,133,NA,NA,NA,NA,NA
1,"Sep-09-2022 2:28 PM","Sep-08-2022 4:25 PM",5267,133,NA,NA,NA,NA,NA
5,"Sep-12-2022 9:06 AM","Sep-08-2022 12:34 PM",5266,133,NA,NA,NA,NA,NA
2,"Sep-09-2022 8:48 AM","Sep-08-2022 11:56 AM",5265,133,NA,NA,NA,NA,NA
1,"Oct-17-2022 5:04 PM","Sep-08-2022 10:09 AM",5264,135,NA,NA,NA,NA,NA
1,"Oct-14-2022 5:23 PM","Sep-06-2022 8:34 PM",5262,135,NA,NA,NA,NA,NA
1,"Oct-18-2022 7:23 AM","Sep-06-2022 8:32 PM",5261,135,NA,NA,NA,NA,NA
1,"Sep-22-2022 8:55 PM","Sep-06-2022 8:30 PM",5260,134,NA,NA,NA,NA,NA
1,"Sep-17-2022 6:48 AM","Sep-06-2022 8:30 PM",5259,133,NA,NA,NA,NA,NA
5,"Oct-25-2022 1:02 PM","Sep-06-2022 8:25 PM",5258,136,NA,NA,NA,NA,NA
5,"Sep-14-2022 11:36 AM","Sep-06-2022 8:23 PM",5257,133,NA,NA,NA,NA,NA
5,"Sep-13-2022 3:54 PM","Sep-06-2022 8:19 PM",5256,133,NA,NA,NA,NA,NA
4,"Sep-20-2022 8:55 PM","Sep-06-2022 8:17 PM",5255,133,NA,NA,NA,NA,NA
5,"Sep-23-2022 5:58 PM","Sep-05-2022 4:26 PM",5254,134,NA,NA,NA,NA,NA
4,"Sep-12-2022 5:46 PM","Sep-05-2022 4:26 PM",5253,133,NA,NA,NA,NA,NA
5,"Sep-28-2022 10:43 AM","Sep-05-2022 4:25 PM",5252,134,NA,NA,NA,NA,NA
1,"Sep-20-2022 4:47 PM","Sep-05-2022 4:22 PM",5251,133,NA,NA,NA,NA,NA
2,"Sep-16-2022 9:18 AM","Sep-05-2022 4:21 PM",5250,133,NA,NA,NA,NA,NA
2,"Sep-13-2022 3:58 PM","Sep-05-2022 4:21 PM",5249,133,NA,NA,NA,NA,NA
2,"Sep-20-2022 8:54 PM","Sep-05-2022 4:21 PM",5248,133,NA,NA,NA,NA,NA
2,"Sep-16-2022 4:11 PM","Sep-05-2022 4:21 PM",5247,133,NA,NA,NA,NA,NA
4,"Sep-20-2022 3:37 PM","Sep-05-2022 4:21 PM",5246,133,NA,NA,NA,NA,NA
4,"Sep-20-2022 8:54 PM","Sep-05-2022 4:21 PM",5245,133,NA,NA,NA,NA,NA
4,"Sep-20-2022 12:08 PM","Sep-05-2022 4:21 PM",5244,133,NA,NA,NA,NA,NA
2,"Sep-06-2022 1:47 PM","Sep-04-2022 10:50 AM",5243,132,NA,NA,NA,NA,NA
3,"Sep-06-2022 1:47 PM","Sep-02-2022 11:53 AM",5242,132,NA,NA,NA,NA,NA
2,"Sep-02-2022 8:39 AM","Sep-01-2022 2:04 PM",5241,132,NA,NA,NA,NA,NA
4,"Sep-02-2022 9:00 PM","Sep-01-2022 1:22 PM",5240,132,NA,NA,NA,NA,NA
2,"Sep-02-2022 8:54 AM","Sep-01-2022 10:28 AM",5239,132,NA,NA,NA,NA,NA
2,"Sep-16-2022 10:45 AM","Aug-31-2022 2:28 PM",5237,133,NA,NA,NA,NA,NA
2,"Sep-20-2022 1:48 PM","Aug-31-2022 2:28 PM",5236,133,NA,NA,NA,NA,NA
2,"Sep-15-2022 4:32 PM","Aug-31-2022 2:28 PM",5235,133,NA,NA,NA,NA,NA
2,"Sep-15-2022 9:25 AM","Aug-31-2022 2:27 PM",5234,133,NA,NA,NA,NA,NA
2,"Sep-19-2022 10:58 AM","Aug-31-2022 2:27 PM",5233,133,NA,NA,NA,NA,NA
2,"Sep-16-2022 6:47 PM","Aug-31-2022 2:27 PM",5232,133,NA,NA,NA,NA,NA
2,"Sep-16-2022 1:44 PM","Aug-31-2022 2:26 PM",5231,133,NA,NA,NA,NA,NA
2,"Sep-15-2022 5:08 PM","Aug-31-2022 2:26 PM",5230,133,NA,NA,NA,NA,NA
5,"Sep-14-2022 8:35 AM","Aug-31-2022 2:24 PM",5229,133,NA,NA,NA,NA,NA
4,"Sep-06-2022 8:16 PM","Aug-31-2022 2:23 PM",5228,132,NA,NA,NA,NA,NA
1,"Sep-01-2022 12:19 PM","Aug-30-2022 12:57 PM",5227,132,NA,NA,NA,NA,NA
3,"Oct-04-2022 9:29 AM","Aug-30-2022 9:53 AM",5226,134,NA,NA,NA,NA,NA
1,"Aug-30-2022 12:50 PM","Aug-30-2022 9:38 AM",5225,132,NA,NA,NA,NA,NA
2,"Sep-06-2022 1:47 PM","Aug-29-2022 2:02 PM",5224,132,NA,NA,NA,NA,NA
1,"Sep-01-2022 9:41 PM","Aug-29-2022 2:01 PM",5223,132,NA,NA,NA,NA,NA
3,"Sep-06-2022 8:10 PM","Aug-29-2022 2:00 PM",5222,132,NA,NA,NA,NA,NA
5,"Aug-28-2022 8:10 AM","Aug-26-2022 9:52 AM",5219,132,NA,NA,NA,NA,NA
4,"Aug-29-2022 11:45 AM","Aug-24-2022 10:30 AM",5218,132,NA,NA,NA,NA,NA
4,"Sep-12-2022 9:51 AM","Aug-24-2022 9:13 AM",5217,132,133,NA,NA,NA,NA
3,"Sep-06-2022 12:31 PM","Aug-24-2022 9:10 AM",5216,132,NA,NA,NA,NA,NA
3,"Aug-29-2022 12:41 PM","Aug-24-2022 9:09 AM",5215,132,NA,NA,NA,NA,NA
1,"Aug-24-2022 4:27 PM","Aug-24-2022 9:06 AM",5214,132,NA,NA,NA,NA,NA
4,"Aug-31-2022 12:59 PM","Aug-24-2022 8:37 AM",5212,132,NA,NA,NA,NA,NA
4,"Sep-06-2022 8:17 PM","Aug-24-2022 8:36 AM",5211,132,NA,NA,NA,NA,NA
4,"Aug-31-2022 12:59 PM","Aug-24-2022 8:35 AM",5210,132,NA,NA,NA,NA,NA
3,"Aug-29-2022 2:57 PM","Aug-24-2022 8:35 AM",5209,132,NA,NA,NA,NA,NA
3,"Sep-06-2022 12:31 PM","Aug-23-2022 11:24 AM",5208,132,NA,NA,NA,NA,NA
3,"Aug-31-2022 9:51 AM","Aug-23-2022 11:24 AM",5207,132,NA,NA,NA,NA,NA
3,"Aug-29-2022 12:03 PM","Aug-23-2022 11:24 AM",5206,132,NA,NA,NA,NA,NA
3,"Aug-27-2022 11:38 AM","Aug-23-2022 11:24 AM",5205,132,NA,NA,NA,NA,NA
3,"Aug-24-2022 12:49 PM","Aug-23-2022 11:22 AM",5204,132,NA,NA,NA,NA,NA
5,"Sep-06-2022 1:47 PM","Aug-22-2022 9:20 PM",5203,132,NA,NA,NA,NA,NA
5,"Sep-01-2022 2:13 PM","Aug-21-2022 10:57 AM",5202,132,NA,NA,NA,NA,NA
3,"Aug-26-2022 8:28 AM","Aug-21-2022 9:19 AM",5201,132,NA,NA,NA,NA,NA
5,"Aug-22-2022 4:13 PM","Aug-20-2022 12:02 PM",5200,131,NA,NA,NA,NA,NA
5,"Aug-23-2022 8:34 AM","Aug-20-2022 10:27 AM",5199,131,NA,NA,NA,NA,NA
5,"Aug-22-2022 4:13 PM","Aug-20-2022 9:12 AM",5198,131,NA,NA,NA,NA,NA
1,"Aug-22-2022 4:44 PM","Aug-20-2022 7:58 AM",5197,131,NA,NA,NA,NA,NA
1.5,"Aug-19-2022 2:59 PM","Aug-19-2022 10:33 AM",5196,131,NA,NA,NA,NA,NA
5,"Aug-23-2022 6:59 PM","Aug-19-2022 8:43 AM",5195,131,NA,NA,NA,NA,NA
5,"Aug-19-2022 8:43 AM","Aug-18-2022 9:32 AM",5194,131,NA,NA,NA,NA,NA
4,"Aug-19-2022 7:46 AM","Aug-18-2022 6:44 AM",5193,131,NA,NA,NA,NA,NA
1,"Aug-29-2022 1:44 PM","Aug-17-2022 10:07 AM",5192,132,NA,NA,NA,NA,NA
2,"Sep-05-2022 4:21 PM","Aug-17-2022 10:05 AM",5191,132,NA,NA,NA,NA,NA
2,"Sep-05-2022 4:21 PM","Aug-17-2022 10:05 AM",5190,132,NA,NA,NA,NA,NA
2,"Sep-06-2022 8:10 PM","Aug-17-2022 10:04 AM",5189,132,NA,NA,NA,NA,NA
2,"Sep-05-2022 4:21 PM","Aug-17-2022 10:04 AM",5188,132,NA,NA,NA,NA,NA
4,"Sep-06-2022 8:10 PM","Aug-17-2022 10:04 AM",5187,132,NA,NA,NA,NA,NA
4,"Sep-06-2022 8:10 PM","Aug-17-2022 10:04 AM",5186,132,NA,NA,NA,NA,NA
4,"Sep-06-2022 12:33 PM","Aug-17-2022 10:03 AM",5185,132,NA,NA,NA,NA,NA
5,"Aug-18-2022 9:32 AM","Aug-16-2022 3:29 PM",5184,131,NA,NA,NA,NA,NA
4,"Aug-17-2022 10:54 AM","Aug-16-2022 10:03 AM",5183,131,NA,NA,NA,NA,NA
4,"Aug-18-2022 6:45 AM","Aug-16-2022 10:03 AM",5182,131,NA,NA,NA,NA,NA
3,"Sep-30-2022 11:49 AM","Aug-15-2022 10:44 AM",5181,134,NA,NA,NA,NA,NA
5,"Sep-29-2022 8:57 AM","Aug-15-2022 10:43 AM",5180,134,NA,NA,NA,NA,NA
3,"Sep-17-2022 7:36 AM","Aug-15-2022 10:42 AM",5179,133,NA,NA,NA,NA,NA
0.5,"Aug-17-2022 11:03 AM","Aug-15-2022 10:09 AM",5178,131,NA,NA,NA,NA,NA
1,"Aug-15-2022 3:41 PM","Aug-13-2022 11:27 AM",5177,131,NA,NA,NA,NA,NA
3,"Aug-23-2022 8:52 AM","Aug-13-2022 8:47 AM",5176,131,NA,NA,NA,NA,NA
1,"Aug-26-2022 8:28 AM","Aug-12-2022 11:22 AM",5175,132,NA,NA,NA,NA,NA
1,"Aug-15-2022 9:48 AM","Aug-10-2022 10:45 AM",5171,131,NA,NA,NA,NA,NA
1,"Aug-16-2022 9:13 AM","Aug-10-2022 10:24 AM",5170,131,NA,NA,NA,NA,NA
1,"Aug-13-2022 11:56 AM","Aug-10-2022 8:34 AM",5169,131,NA,NA,NA,NA,NA
0.5,"Aug-11-2022 1:10 PM","Aug-09-2022 3:12 PM",5168,131,NA,NA,NA,NA,NA
2,"Aug-11-2022 1:10 PM","Aug-09-2022 11:14 AM",5167,131,NA,NA,NA,NA,NA
5,"Aug-15-2022 9:45 AM","Aug-09-2022 10:14 AM",5166,131,NA,NA,NA,NA,NA
0.5,"Aug-10-2022 10:02 AM","Aug-09-2022 9:43 AM",5165,130,NA,NA,NA,NA,NA
5,"Aug-22-2022 9:35 PM","Aug-09-2022 8:32 AM",5164,131,NA,NA,NA,NA,NA
5,"Aug-16-2022 3:29 PM","Aug-09-2022 8:32 AM",5163,131,NA,NA,NA,NA,NA
5,"Aug-11-2022 1:26 PM","Aug-09-2022 8:32 AM",5162,131,NA,NA,NA,NA,NA
2,"Aug-08-2022 1:46 PM","Aug-08-2022 1:35 PM",5161,130,NA,NA,NA,NA,NA
2,"Aug-15-2022 9:45 AM","Aug-07-2022 11:10 AM",5160,131,NA,NA,NA,NA,NA
5,"Aug-09-2022 5:15 PM","Aug-05-2022 4:32 PM",5159,130,NA,NA,NA,NA,NA
5,"Aug-05-2022 4:32 PM","Aug-05-2022 4:30 PM",5158,130,NA,NA,NA,NA,NA
5,"Aug-05-2022 4:30 PM","Aug-05-2022 4:21 PM",5157,130,NA,NA,NA,NA,NA
5,"Aug-05-2022 4:21 PM","Aug-05-2022 4:20 PM",5156,130,NA,NA,NA,NA,NA
2,"Sep-02-2022 8:54 AM","Aug-05-2022 12:50 PM",5155,132,NA,NA,NA,NA,NA
2,"Aug-30-2022 10:47 AM","Aug-05-2022 12:49 PM",5154,132,NA,NA,NA,NA,NA
5,"Aug-09-2022 3:08 PM","Aug-04-2022 12:45 PM",5153,130,NA,NA,NA,NA,NA
3,"Aug-15-2022 9:45 AM","Aug-04-2022 11:26 AM",5152,131,NA,NA,NA,NA,NA
3,"Sep-02-2022 5:56 PM","Aug-03-2022 11:47 AM",5150,132,NA,NA,NA,NA,NA
8,"Aug-09-2022 1:07 PM","Aug-03-2022 11:08 AM",5148,130,NA,NA,NA,NA,NA
5,"Aug-04-2022 12:45 PM","Aug-02-2022 4:01 PM",5147,130,NA,NA,NA,NA,NA
5,"Aug-02-2022 4:45 PM","Jul-29-2022 11:21 AM",5144,130,NA,NA,NA,NA,NA
4,"Aug-02-2022 4:45 PM","Jul-28-2022 6:19 PM",5143,130,NA,NA,NA,NA,NA
5,"Jul-29-2022 11:28 AM","Jul-28-2022 7:35 AM",5142,130,NA,NA,NA,NA,NA
2,"Aug-22-2022 11:29 AM","Jul-27-2022 12:05 PM",5141,131,NA,NA,NA,NA,NA
3,"Aug-19-2022 3:33 PM","Jul-27-2022 12:02 PM",5140,131,NA,NA,NA,NA,NA
4,"Aug-05-2022 4:23 PM","Jul-26-2022 9:33 PM",5136,130,NA,NA,NA,NA,NA
5,"Aug-03-2022 8:39 AM","Jul-26-2022 9:33 PM",5135,130,NA,NA,NA,NA,NA
5,"Jul-26-2022 7:29 PM","Jul-26-2022 7:28 PM",5134,129,NA,NA,NA,NA,NA
5,"Jul-29-2022 11:21 AM","Jul-26-2022 11:27 AM",5130,130,NA,NA,NA,NA,NA
1.5,"Aug-02-2022 8:46 PM","Jul-26-2022 11:20 AM",5129,130,NA,NA,NA,NA,NA
5,"Jul-26-2022 4:34 PM","Jul-26-2022 9:30 AM",5128,129,NA,NA,NA,NA,NA
4,"Aug-09-2022 5:15 PM","Jul-26-2022 8:35 AM",5127,130,NA,NA,NA,NA,NA
5,"Aug-05-2022 4:20 PM","Jul-26-2022 8:35 AM",5126,130,NA,NA,NA,NA,NA
5,"Jul-28-2022 9:22 PM","Jul-26-2022 8:35 AM",5125,130,NA,NA,NA,NA,NA
5,"Aug-05-2022 4:22 PM","Jul-26-2022 8:35 AM",5124,130,NA,NA,NA,NA,NA
1,"Aug-23-2022 2:15 PM","Jul-25-2022 5:00 PM",5122,131,NA,NA,NA,NA,NA
2,"Aug-19-2022 3:33 PM","Jul-25-2022 5:00 PM",5121,131,NA,NA,NA,NA,NA
2,"Aug-17-2022 10:05 AM","Jul-25-2022 5:00 PM",5120,131,NA,NA,NA,NA,NA
2,"Aug-23-2022 6:59 PM","Jul-25-2022 5:00 PM",5119,131,NA,NA,NA,NA,NA
2,"Aug-18-2022 11:11 AM","Jul-25-2022 5:00 PM",5118,131,NA,NA,NA,NA,NA
4,"Aug-22-2022 9:37 PM","Jul-25-2022 4:59 PM",5117,131,NA,NA,NA,NA,NA
4,"Aug-23-2022 6:59 PM","Jul-25-2022 4:59 PM",5116,131,NA,NA,NA,NA,NA
4,"Aug-23-2022 8:51 PM","Jul-25-2022 4:59 PM",5115,131,NA,NA,NA,NA,NA
3,"Jul-27-2022 9:27 AM","Jul-25-2022 11:41 AM",5114,129,NA,NA,NA,NA,NA
3,"Aug-05-2022 4:48 PM","Jul-25-2022 10:45 AM",5111,130,NA,NA,NA,NA,NA
3,"Jul-28-2022 6:19 PM","Jul-25-2022 10:45 AM",5110,130,NA,NA,NA,NA,NA
3,"Sep-09-2022 12:38 PM","Jul-25-2022 7:35 AM",5106,133,NA,NA,NA,NA,NA
4,"Jul-26-2022 4:26 PM","Jul-23-2022 1:12 PM",5105,129,NA,NA,NA,NA,NA
5,"Jul-26-2022 11:36 AM","Jul-23-2022 1:11 PM",5104,129,NA,NA,NA,NA,NA
2,"Jul-26-2022 11:36 AM","Jul-22-2022 3:46 PM",5103,129,NA,NA,NA,NA,NA
0.5,"Jul-26-2022 11:36 AM","Jul-20-2022 7:54 PM",5102,129,NA,NA,NA,NA,NA
5,"Jul-26-2022 11:35 AM","Jul-20-2022 5:29 PM",5101,129,NA,NA,NA,NA,NA
5,"Jul-26-2022 11:36 AM","Jul-20-2022 1:58 PM",5100,129,NA,NA,NA,NA,NA
1,"Jul-26-2022 11:36 AM","Jul-19-2022 2:46 PM",5099,129,NA,NA,NA,NA,NA
5,"Aug-15-2022 2:31 PM","Jul-19-2022 11:41 AM",5098,131,NA,NA,NA,NA,NA
3,"Jul-20-2022 10:50 AM","Jul-19-2022 10:45 AM",5097,129,NA,NA,NA,NA,NA
2,"Jul-26-2022 11:35 AM","Jul-19-2022 10:43 AM",5095,129,NA,NA,NA,NA,NA
1,"Jul-26-2022 11:38 AM","Jul-19-2022 10:41 AM",5094,129,NA,NA,NA,NA,NA
5,"Jul-26-2022 11:35 AM","Jul-18-2022 11:44 AM",5093,129,NA,NA,NA,NA,NA
3,"Jul-26-2022 10:20 AM","Jul-17-2022 8:00 AM",5092,129,NA,NA,NA,NA,NA
0.5,"Jul-18-2022 3:47 PM","Jul-16-2022 11:53 AM",5091,129,NA,NA,NA,NA,NA
5,"Jul-26-2022 11:35 AM","Jul-15-2022 12:46 PM",5090,129,NA,NA,NA,NA,NA
5,"Jul-26-2022 11:34 AM","Jul-15-2022 11:16 AM",5089,129,NA,NA,NA,NA,NA
5,"Jul-26-2022 11:35 AM","Jul-14-2022 3:33 PM",5088,129,NA,NA,NA,NA,NA
5,"Jul-26-2022 11:34 AM","Jul-14-2022 1:10 PM",5087,129,NA,NA,NA,NA,NA
0.5,"Sep-08-2022 5:21 PM","Jul-14-2022 11:59 AM",5086,133,NA,NA,NA,NA,NA
1,"Aug-05-2022 12:05 PM","Jul-14-2022 11:40 AM",5085,130,NA,NA,NA,NA,NA
4,"Aug-18-2022 6:51 AM","Jul-14-2022 10:54 AM",5084,131,NA,NA,NA,NA,NA
4,"Oct-04-2022 7:53 AM","Jul-14-2022 8:35 AM",5083,134,NA,NA,NA,NA,NA
5,"Sep-08-2022 12:41 PM","Jul-14-2022 7:56 AM",5081,133,NA,NA,NA,NA,NA
1,"Aug-02-2022 8:48 PM","Jul-14-2022 7:53 AM",5080,130,NA,NA,NA,NA,NA
3,"Sep-06-2022 1:47 PM","Jul-14-2022 7:45 AM",5079,132,NA,NA,NA,NA,NA
4,"Jul-26-2022 11:35 AM","Jul-13-2022 2:02 PM",5076,129,NA,NA,NA,NA,NA
2,"Jul-19-2022 12:47 PM","Jul-13-2022 2:01 PM",5075,129,NA,NA,NA,NA,NA
3,"Jul-26-2022 11:39 AM","Jul-13-2022 11:25 AM",5074,129,NA,NA,NA,NA,NA
3,"Jul-26-2022 11:39 AM","Jul-13-2022 11:24 AM",5073,129,NA,NA,NA,NA,NA
5,"Jul-26-2022 11:39 AM","Jul-13-2022 11:18 AM",5072,129,NA,NA,NA,NA,NA
5,"Jul-26-2022 11:39 AM","Jul-13-2022 11:17 AM",5071,129,NA,NA,NA,NA,NA
4,"Jul-26-2022 11:35 AM","Jul-13-2022 11:16 AM",5070,129,NA,NA,NA,NA,NA
3,"Jul-18-2022 11:39 AM","Jul-13-2022 8:06 AM",5069,129,NA,NA,NA,NA,NA
0.5,"Jul-18-2022 9:44 AM","Jul-13-2022 8:04 AM",5068,129,NA,NA,NA,NA,NA
2,"Jul-12-2022 6:11 PM","Jul-12-2022 6:11 PM",5067,128,NA,NA,NA,NA,NA
1,"Oct-04-2022 8:36 PM","Jul-12-2022 11:13 AM",5066,134,NA,NA,NA,NA,NA
1,"Sep-06-2022 8:10 PM","Jul-12-2022 11:13 AM",5065,132,NA,NA,NA,NA,NA
2,"Aug-09-2022 9:42 AM","Jul-12-2022 11:13 AM",5064,130,NA,NA,NA,NA,NA
2,"Aug-04-2022 4:30 PM","Jul-12-2022 11:13 AM",5063,130,NA,NA,NA,NA,NA
2,"Aug-09-2022 9:42 AM","Jul-12-2022 11:12 AM",5062,130,NA,NA,NA,NA,NA
2,"Aug-05-2022 1:02 PM","Jul-12-2022 11:12 AM",5061,130,NA,NA,NA,NA,NA
4,"Aug-09-2022 5:16 PM","Jul-12-2022 11:12 AM",5060,130,NA,NA,NA,NA,NA
4,"Aug-09-2022 3:44 PM","Jul-12-2022 11:12 AM",5059,130,NA,NA,NA,NA,NA
4,"Aug-08-2022 10:39 AM","Jul-12-2022 11:10 AM",5058,130,NA,NA,NA,NA,NA
5,"Jul-12-2022 9:30 AM","Jul-11-2022 2:45 PM",5051,128,NA,NA,NA,NA,NA
2,"Jul-18-2022 8:48 AM","Jul-11-2022 9:57 AM",5049,129,NA,NA,NA,NA,NA
4,"Jul-12-2022 11:44 AM","Jul-10-2022 9:26 AM",5048,128,NA,NA,NA,NA,NA
5,"Jul-18-2022 11:39 AM","Jul-09-2022 9:18 AM",5047,129,NA,NA,NA,NA,NA
3,"Jul-11-2022 1:57 PM","Jul-09-2022 8:23 AM",5046,128,NA,NA,NA,NA,NA
5,"Aug-24-2022 8:39 AM","Jul-08-2022 3:21 PM",5044,131,NA,NA,NA,NA,NA
1,"Jul-11-2022 1:48 PM","Jul-08-2022 7:16 AM",5041,128,NA,NA,NA,NA,NA
3,"Jul-07-2022 1:31 PM","Jul-07-2022 11:27 AM",5040,128,NA,NA,NA,NA,NA
0.5,"Jul-11-2022 8:40 AM","Jul-06-2022 10:43 PM",5039,128,NA,NA,NA,NA,NA
3,"Jul-08-2022 10:33 AM","Jul-06-2022 2:58 PM",5038,128,NA,NA,NA,NA,NA
3,"Jul-18-2022 3:26 PM","Jul-06-2022 11:12 AM",5037,129,NA,NA,NA,NA,NA
5,"Jul-26-2022 11:34 AM","Jul-05-2022 1:23 PM",5036,129,NA,NA,NA,NA,NA
1,"Jul-26-2022 1:37 PM","Jul-05-2022 1:23 PM",5035,129,NA,NA,NA,NA,NA
2,"Jul-26-2022 9:27 AM","Jul-05-2022 1:23 PM",5034,129,NA,NA,NA,NA,NA
2,"Jul-25-2022 5:00 PM","Jul-05-2022 1:23 PM",5033,129,NA,NA,NA,NA,NA
2,"Jul-26-2022 9:42 AM","Jul-05-2022 1:23 PM",5032,129,NA,NA,NA,NA,NA
2,"Jul-25-2022 5:00 PM","Jul-05-2022 1:23 PM",5031,129,NA,NA,NA,NA,NA
6,"Jul-26-2022 4:26 PM","Jul-05-2022 1:23 PM",5030,129,NA,NA,NA,NA,NA
6,"Jul-26-2022 4:26 PM","Jul-05-2022 1:22 PM",5029,129,NA,NA,NA,NA,NA
6,"Jul-26-2022 4:26 PM","Jul-05-2022 1:22 PM",5028,129,NA,NA,NA,NA,NA
1,"Jul-05-2022 10:11 AM","Jul-03-2022 7:53 AM",5027,128,NA,NA,NA,NA,NA
2,"Aug-05-2022 11:14 AM","Jun-29-2022 7:19 PM",5026,130,NA,NA,NA,NA,NA
2,"Jul-11-2022 9:30 AM","Jun-29-2022 11:56 AM",5025,128,NA,NA,NA,NA,NA
0.5,"Jun-29-2022 10:51 AM","Jun-29-2022 10:26 AM",5024,128,NA,NA,NA,NA,NA
0.5,"Jun-29-2022 4:36 PM","Jun-29-2022 9:58 AM",5023,128,NA,NA,NA,NA,NA
4,"Jul-06-2022 11:00 AM","Jun-29-2022 8:00 AM",5022,128,NA,NA,NA,NA,NA
1,"Jun-28-2022 4:18 PM","Jun-28-2022 4:17 PM",5021,127,NA,NA,NA,NA,NA
0.5,"Jun-28-2022 3:29 PM","Jun-28-2022 11:04 AM",5020,127,NA,NA,NA,NA,NA
2,"Jun-30-2022 5:05 PM","Jun-28-2022 10:08 AM",5019,128,NA,NA,NA,NA,NA
2,"Jul-04-2022 9:15 AM","Jun-28-2022 10:08 AM",5018,128,NA,NA,NA,NA,NA
3,"Jul-07-2022 4:42 PM","Jun-28-2022 9:17 AM",5017,128,NA,NA,NA,NA,NA
1,"Jul-07-2022 4:39 PM","Jun-28-2022 9:17 AM",5016,128,NA,NA,NA,NA,NA
4,"Jul-04-2022 9:37 AM","Jun-28-2022 8:10 AM",5014,128,NA,NA,NA,NA,NA
5,"Jul-08-2022 10:17 AM","Jun-27-2022 9:08 PM",5013,128,NA,NA,NA,NA,NA
2,"Jul-05-2022 1:05 PM","Jun-27-2022 9:06 PM",5012,128,NA,NA,NA,NA,NA
1,"Jun-27-2022 9:56 AM","Jun-27-2022 9:09 AM",5011,128,NA,NA,NA,NA,NA
5,"Jul-12-2022 7:08 AM","Jun-26-2022 11:21 AM",5010,128,NA,NA,NA,NA,NA
5,"Jun-27-2022 3:50 PM","Jun-26-2022 11:01 AM",5009,127,NA,NA,NA,NA,NA
5,"Jun-27-2022 3:50 PM","Jun-25-2022 10:11 AM",5008,127,NA,NA,NA,NA,NA
3,"Jul-13-2022 8:43 AM","Jun-25-2022 9:51 AM",5007,128,NA,NA,NA,NA,NA
5,"Jun-27-2022 2:20 PM","Jun-24-2022 10:38 AM",5006,127,NA,NA,NA,NA,NA
NA,"Jun-27-2022 9:44 AM","Jun-23-2022 1:51 PM",5005,NA,NA,NA,NA,NA,NA
3,"Jul-11-2022 8:42 AM","Jun-23-2022 8:39 AM",5004,128,NA,NA,NA,NA,NA
3,"Aug-23-2022 11:22 AM","Jun-23-2022 8:01 AM",5003,131,NA,NA,NA,NA,NA
0.01,"Oct-17-2022 6:13 AM","Jun-22-2022 11:33 AM",5001,128,135,NA,NA,NA,NA
0.01,"Oct-17-2022 6:13 AM","Jun-22-2022 10:14 AM",5000,128,135,NA,NA,NA,NA
5,"Jun-22-2022 4:14 PM","Jun-22-2022 9:38 AM",4999,127,NA,NA,NA,NA,NA
0.5,"Jun-21-2022 7:32 PM","Jun-21-2022 10:24 AM",4998,127,NA,NA,NA,NA,NA
0.5,"Jun-27-2022 11:28 AM","Jun-20-2022 10:18 PM",4996,127,NA,NA,NA,NA,NA
1,"Jun-27-2022 11:28 AM","Jun-20-2022 10:17 PM",4995,127,NA,NA,NA,NA,NA
2,"Jul-26-2022 2:16 PM","Jun-20-2022 10:16 PM",4994,129,NA,NA,NA,NA,NA
2,"Jul-05-2022 9:24 AM","Jun-20-2022 10:16 PM",4993,128,NA,NA,NA,NA,NA
1,"Jun-28-2022 10:17 AM","Jun-20-2022 10:15 PM",4992,127,NA,NA,NA,NA,NA
3,"Jul-05-2022 10:27 AM","Jun-20-2022 10:14 PM",4991,128,NA,NA,NA,NA,NA
5,"Aug-09-2022 11:23 AM","Jun-20-2022 10:14 PM",4990,130,NA,NA,NA,NA,NA
3,"Jun-22-2022 9:26 AM","Jun-20-2022 10:14 PM",4989,127,NA,NA,NA,NA,NA
1,"Jul-07-2022 8:28 AM","Jun-20-2022 10:13 PM",4988,128,NA,NA,NA,NA,NA
5,"Sep-27-2022 10:55 AM","Jun-20-2022 10:13 PM",4987,128,NA,NA,NA,NA,NA
5,"Jul-11-2022 8:40 AM","Jun-20-2022 10:12 PM",4986,128,NA,NA,NA,NA,NA
1,"Jun-28-2022 9:43 AM","Jun-20-2022 10:12 PM",4985,127,NA,NA,NA,NA,NA
5,"Aug-09-2022 3:12 PM","Jun-20-2022 10:11 PM",4984,130,NA,NA,NA,NA,NA
2,"Jun-27-2022 12:44 PM","Jun-20-2022 10:11 PM",4983,127,NA,NA,NA,NA,NA
1,"Jul-07-2022 1:48 PM","Jun-20-2022 10:07 PM",4982,128,NA,NA,NA,NA,NA
1,"Jul-25-2022 5:01 PM","Jun-20-2022 10:06 PM",4981,128,NA,NA,NA,NA,NA
2,"Jul-12-2022 6:09 PM","Jun-20-2022 10:06 PM",4980,128,NA,NA,NA,NA,NA
2,"Jul-05-2022 1:23 PM","Jun-20-2022 10:06 PM",4979,128,NA,NA,NA,NA,NA
2,"Jul-12-2022 6:09 PM","Jun-20-2022 10:06 PM",4978,128,NA,NA,NA,NA,NA
2,"Jul-12-2022 11:12 AM","Jun-20-2022 10:06 PM",4977,128,NA,NA,NA,NA,NA
4,"Jul-12-2022 6:09 PM","Jun-20-2022 10:06 PM",4976,128,NA,NA,NA,NA,NA
4,"Jul-12-2022 7:37 AM","Jun-20-2022 10:05 PM",4975,128,NA,NA,NA,NA,NA
2,"Jun-20-2022 9:55 AM","Jun-18-2022 8:42 AM",4974,127,NA,NA,NA,NA,NA
3,"Jun-21-2022 9:02 AM","Jun-17-2022 2:49 PM",4973,127,NA,NA,NA,NA,NA
5,"Jun-21-2022 9:04 AM","Jun-17-2022 11:11 AM",4972,127,NA,NA,NA,NA,NA
3,"Jun-22-2022 9:41 AM","Jun-17-2022 10:53 AM",4971,127,NA,NA,NA,NA,NA
0.5,"Jun-15-2022 10:18 AM","Jun-15-2022 10:07 AM",4970,127,NA,NA,NA,NA,NA
0.5,"Jun-15-2022 8:49 AM","Jun-14-2022 10:59 AM",4969,126,NA,NA,NA,NA,NA
1,"Aug-19-2022 12:24 PM","Jun-13-2022 1:51 PM",4968,131,NA,NA,NA,NA,NA
4,"Jun-13-2022 11:06 AM","Jun-13-2022 9:28 AM",4967,126,NA,NA,NA,NA,NA
3,"Jun-17-2022 10:50 AM","Jun-13-2022 9:12 AM",4966,127,NA,NA,NA,NA,NA
3,"Jun-17-2022 9:22 AM","Jun-13-2022 9:12 AM",4965,127,NA,NA,NA,NA,NA
0.5,"Jun-13-2022 10:46 AM","Jun-13-2022 8:13 AM",4962,126,NA,NA,NA,NA,NA
3,"Aug-18-2022 1:07 PM","Jun-12-2022 4:35 PM",4961,131,NA,NA,NA,NA,NA
5,"Jun-13-2022 2:19 PM","Jun-12-2022 8:04 AM",4960,126,NA,NA,NA,NA,NA
5,"Jun-20-2022 9:55 AM","Jun-10-2022 11:28 AM",4959,127,NA,NA,NA,NA,NA
4,"Jun-14-2022 3:57 PM","Jun-10-2022 9:23 AM",4958,126,NA,NA,NA,NA,NA
4,"Jun-28-2022 10:08 AM","Jun-10-2022 9:22 AM",4957,127,NA,NA,NA,NA,NA
1,"Jun-27-2022 9:35 AM","Jun-09-2022 11:45 AM",4956,127,NA,NA,NA,NA,NA
1,"Jun-28-2022 3:27 PM","Jun-09-2022 11:45 AM",4955,127,NA,NA,NA,NA,NA
4,"Jun-14-2022 10:10 AM","Jun-09-2022 9:58 AM",4952,126,NA,NA,NA,NA,NA
3,"Jun-27-2022 4:10 PM","Jun-09-2022 9:56 AM",4951,127,NA,NA,NA,NA,NA
2,"Jun-14-2022 11:26 AM","Jun-09-2022 9:55 AM",4950,126,NA,NA,NA,NA,NA
4,"Aug-09-2022 1:07 PM","Jun-08-2022 8:24 PM",4949,130,NA,NA,NA,NA,NA
3,"Jun-11-2022 8:41 AM","Jun-08-2022 1:55 PM",4948,126,NA,NA,NA,NA,NA
2,"Jun-09-2022 4:14 PM","Jun-08-2022 1:39 PM",4947,126,NA,NA,NA,NA,NA
5,"Jun-10-2022 4:32 PM","Jun-08-2022 10:30 AM",4946,126,NA,NA,NA,NA,NA
5,"Aug-05-2022 12:33 PM","Jun-07-2022 9:39 PM",4945,130,NA,NA,NA,NA,NA
2,"Jun-09-2022 11:05 AM","Jun-07-2022 2:26 PM",4944,126,NA,NA,NA,NA,NA
2,"Jun-21-2022 1:54 PM","Jun-07-2022 1:47 PM",4943,125,NA,NA,NA,NA,NA
2,"Jun-22-2022 7:15 AM","Jun-06-2022 1:38 PM",4942,127,NA,NA,NA,NA,NA
5,"Aug-09-2022 1:44 PM","Jun-06-2022 1:38 PM",4941,130,NA,NA,NA,NA,NA
4,"Jun-27-2022 4:31 PM","Jun-06-2022 1:37 PM",4940,127,NA,NA,NA,NA,NA
4,"Jun-22-2022 9:07 AM","Jun-06-2022 1:37 PM",4939,127,NA,NA,NA,NA,NA
4,"Jun-28-2022 8:37 AM","Jun-06-2022 1:37 PM",4938,127,NA,NA,NA,NA,NA
4,"Jun-22-2022 9:07 AM","Jun-06-2022 1:37 PM",4937,127,NA,NA,NA,NA,NA
4,"Jun-27-2022 4:31 PM","Jun-06-2022 1:36 PM",4936,127,NA,NA,NA,NA,NA
4,"Jun-28-2022 8:37 AM","Jun-06-2022 1:36 PM",4935,127,NA,NA,NA,NA,NA
4,"Jun-28-2022 6:57 AM","Jun-06-2022 1:36 PM",4934,127,NA,NA,NA,NA,NA
2,"Jun-07-2022 1:03 PM","Jun-06-2022 1:02 PM",4933,126,NA,NA,NA,NA,NA
3,"Jun-07-2022 1:54 PM","Jun-04-2022 7:29 AM",4932,126,NA,NA,NA,NA,NA
4,"Jun-07-2022 1:54 PM","Jun-03-2022 9:14 AM",4931,126,NA,NA,NA,NA,NA
4,"Oct-05-2022 6:43 AM","Jun-01-2022 2:46 PM",4930,125,128,134,NA,NA,NA
1,"Jun-08-2022 7:59 PM","Jun-01-2022 2:03 PM",4929,126,NA,NA,NA,NA,NA
1.5,"May-31-2022 1:58 PM","May-31-2022 11:28 AM",4928,125,NA,NA,NA,NA,NA
5,"Aug-15-2022 2:36 PM","May-31-2022 10:01 AM",4927,131,NA,NA,NA,NA,NA
5,"Jun-08-2022 8:38 AM","May-31-2022 9:16 AM",4926,126,NA,NA,NA,NA,NA
5,"Jun-08-2022 1:15 PM","May-31-2022 9:10 AM",4925,126,NA,NA,NA,NA,NA
1,"May-31-2022 10:28 AM","May-30-2022 11:22 PM",4924,125,NA,NA,NA,NA,NA
5,"Jun-13-2022 11:25 AM","May-30-2022 3:32 PM",4923,126,NA,NA,NA,NA,NA
2,"Jun-09-2022 11:17 AM","May-30-2022 2:57 PM",4922,125,NA,NA,NA,NA,NA
1,"Jun-06-2022 12:59 PM","May-30-2022 11:26 AM",4921,126,NA,NA,NA,NA,NA
0.5,"Jun-06-2022 12:59 PM","May-30-2022 11:13 AM",4920,126,NA,NA,NA,NA,NA
2,"Jun-10-2022 9:42 AM","May-30-2022 9:53 AM",4919,126,NA,NA,NA,NA,NA
3,"Jun-24-2022 8:47 AM","May-30-2022 9:49 AM",4917,127,NA,NA,NA,NA,NA
3,"Jun-28-2022 9:42 AM","May-30-2022 9:48 AM",4916,127,NA,NA,NA,NA,NA
4,"Jun-20-2022 10:11 AM","May-30-2022 9:48 AM",4915,127,NA,NA,NA,NA,NA
3,"Jun-17-2022 10:31 AM","May-30-2022 9:47 AM",4914,127,NA,NA,NA,NA,NA
2,"Jun-04-2022 10:30 AM","May-29-2022 9:45 AM",4913,126,NA,NA,NA,NA,NA
1,"Jun-08-2022 1:23 PM","May-29-2022 9:39 AM",4912,126,NA,NA,NA,NA,NA
1,"Jun-14-2022 8:45 AM","May-29-2022 9:39 AM",4911,126,NA,NA,NA,NA,NA
4,"Jun-13-2022 3:34 PM","May-29-2022 9:38 AM",4910,126,NA,NA,NA,NA,NA
4,"Jun-14-2022 5:20 PM","May-29-2022 9:38 AM",4909,126,NA,NA,NA,NA,NA
4,"Jun-09-2022 9:53 AM","May-29-2022 9:38 AM",4908,126,NA,NA,NA,NA,NA
4,"Jun-09-2022 9:35 AM","May-29-2022 9:38 AM",4907,126,NA,NA,NA,NA,NA
2,"Jun-13-2022 3:34 PM","May-29-2022 9:37 AM",4906,126,NA,NA,NA,NA,NA
2,"Jun-14-2022 9:23 AM","May-29-2022 9:37 AM",4905,126,NA,NA,NA,NA,NA
2,"Jun-14-2022 9:23 AM","May-29-2022 9:37 AM",4904,126,NA,NA,NA,NA,NA
2,"Jun-08-2022 4:11 PM","May-29-2022 9:34 AM",4903,126,NA,NA,NA,NA,NA
3,"Jun-03-2022 8:43 AM","May-29-2022 8:42 AM",4902,126,NA,NA,NA,NA,NA
3,"Aug-22-2022 1:18 PM","May-29-2022 8:42 AM",4901,131,NA,NA,NA,NA,NA
3,"Jun-17-2022 3:28 PM","May-29-2022 8:00 AM",4900,127,NA,NA,NA,NA,NA
4,"Jun-17-2022 3:48 PM","May-29-2022 7:37 AM",4899,127,NA,NA,NA,NA,NA
2,"Jun-07-2022 3:33 PM","May-28-2022 10:10 AM",4898,126,NA,NA,NA,NA,NA
5,"Aug-19-2022 2:59 PM","May-28-2022 8:52 AM",4897,131,NA,NA,NA,NA,NA
4,"May-31-2022 1:15 PM","May-26-2022 1:40 PM",4896,125,NA,NA,NA,NA,NA
1,"May-31-2022 8:19 AM","May-26-2022 12:03 PM",4895,125,NA,NA,NA,NA,NA
1,"May-31-2022 8:20 AM","May-26-2022 11:59 AM",4894,125,NA,NA,NA,NA,NA
2,"Jun-07-2022 11:11 AM","May-26-2022 9:32 AM",4893,125,NA,NA,NA,NA,NA
2,"May-31-2022 8:19 AM","May-25-2022 8:07 PM",4892,125,NA,NA,NA,NA,NA
1,"May-25-2022 11:15 AM","May-25-2022 11:01 AM",4891,122,NA,NA,NA,NA,NA
2,"Aug-18-2022 9:28 AM","May-24-2022 4:18 PM",4890,131,NA,NA,NA,NA,NA
1,"May-31-2022 8:19 AM","May-24-2022 2:51 PM",4889,125,NA,NA,NA,NA,NA
4,"May-31-2022 8:18 AM","May-24-2022 12:25 PM",4888,125,NA,NA,NA,NA,NA
2,"May-31-2022 8:18 AM","May-24-2022 12:23 PM",4887,125,NA,NA,NA,NA,NA
0.5,"May-19-2022 11:27 AM","May-19-2022 11:23 AM",4886,122,NA,NA,NA,NA,NA
2,"Jun-20-2022 11:07 AM","May-18-2022 5:42 PM",4885,122,125,NA,NA,NA,NA
1,"May-24-2022 9:32 AM","May-17-2022 9:27 AM",4884,125,NA,NA,NA,NA,NA
4,"Aug-24-2022 8:45 AM","May-17-2022 9:18 AM",4883,131,NA,NA,NA,NA,NA
2,"May-26-2022 9:08 AM","May-17-2022 9:18 AM",4882,125,NA,NA,NA,NA,NA
3,"May-30-2022 10:14 AM","May-17-2022 9:14 AM",4881,125,NA,NA,NA,NA,NA
3,"May-27-2022 9:13 AM","May-17-2022 9:12 AM",4880,125,NA,NA,NA,NA,NA
0.5,"May-27-2022 7:13 AM","May-16-2022 10:15 AM",4879,125,NA,NA,NA,NA,NA
4,"May-25-2022 10:41 AM","May-16-2022 10:12 AM",4878,125,NA,NA,NA,NA,NA
2,"May-17-2022 8:38 PM","May-16-2022 10:02 AM",4877,124,NA,NA,NA,NA,NA
2,"Jun-13-2022 10:45 AM","May-14-2022 9:39 AM",4876,126,NA,NA,NA,NA,NA
1,"May-31-2022 8:32 AM","May-14-2022 9:00 AM",4875,125,NA,NA,NA,NA,NA
1,"May-31-2022 7:49 PM","May-14-2022 9:00 AM",4874,125,NA,NA,NA,NA,NA
2,"May-31-2022 8:17 AM","May-14-2022 8:59 AM",4873,125,NA,NA,NA,NA,NA
2,"May-31-2022 8:17 AM","May-14-2022 8:59 AM",4872,125,NA,NA,NA,NA,NA
2,"May-31-2022 8:17 AM","May-14-2022 8:58 AM",4871,125,NA,NA,NA,NA,NA
2,"May-31-2022 8:17 AM","May-14-2022 8:58 AM",4870,125,NA,NA,NA,NA,NA
2,"May-31-2022 8:17 AM","May-14-2022 8:58 AM",4869,125,NA,NA,NA,NA,NA
4,"May-31-2022 8:17 AM","May-14-2022 8:58 AM",4868,125,NA,NA,NA,NA,NA
5,"May-30-2022 10:14 AM","May-13-2022 6:16 PM",4867,125,NA,NA,NA,NA,NA
4,"Jun-15-2022 2:10 PM","May-12-2022 10:39 AM",4866,122,125,NA,NA,NA,NA
1.5,"May-12-2022 10:40 AM","May-11-2022 2:52 PM",4865,122,NA,NA,NA,NA,NA
1,"May-11-2022 2:07 PM","May-11-2022 9:46 AM",4864,124,NA,NA,NA,NA,NA
0.5,"May-25-2022 11:26 AM","May-10-2022 10:16 AM",4863,122,NA,NA,NA,NA,NA
4,"May-25-2022 9:11 AM","May-10-2022 8:30 AM",4861,125,NA,NA,NA,NA,NA
2,"May-18-2022 8:06 AM","May-09-2022 9:17 AM",4860,124,NA,NA,NA,NA,NA
1,"May-18-2022 8:06 AM","May-09-2022 9:10 AM",4859,124,NA,NA,NA,NA,NA
5,"May-18-2022 8:05 AM","May-09-2022 8:03 AM",4858,124,NA,NA,NA,NA,NA
5,"May-18-2022 8:04 AM","May-09-2022 7:47 AM",4857,124,NA,NA,NA,NA,NA
1,"May-12-2022 10:40 AM","May-07-2022 11:23 AM",4856,122,NA,NA,NA,NA,NA
1,"May-18-2022 8:05 AM","May-06-2022 4:10 PM",4855,124,NA,NA,NA,NA,NA
2,"May-12-2022 10:41 AM","May-06-2022 2:25 PM",4854,122,NA,NA,NA,NA,NA
0.5,"Jun-27-2022 9:22 AM","May-05-2022 7:12 PM",4853,128,NA,NA,NA,NA,NA
1,"May-12-2022 10:38 AM","May-05-2022 2:31 PM",4852,122,NA,NA,NA,NA,NA
2,"May-12-2022 10:38 AM","May-05-2022 1:43 PM",4851,122,NA,NA,NA,NA,NA
2,"May-10-2022 10:17 AM","May-05-2022 1:38 PM",4850,122,NA,NA,NA,NA,NA
1,"May-17-2022 8:53 PM","May-04-2022 9:46 AM",4849,124,NA,NA,NA,NA,NA
2,"May-09-2022 4:16 PM","May-04-2022 8:20 AM",4848,124,NA,NA,NA,NA,NA
2,"May-03-2022 12:49 PM","May-03-2022 10:37 AM",4847,123,NA,NA,NA,NA,NA
5,"May-14-2022 9:04 AM","May-02-2022 3:45 PM",4846,123,124,NA,NA,NA,NA
5,"May-18-2022 8:05 AM","May-02-2022 9:50 AM",4845,124,NA,NA,NA,NA,NA
2,"May-09-2022 9:37 AM","May-02-2022 9:37 AM",4844,124,NA,NA,NA,NA,NA
1,"May-04-2022 8:57 AM","May-01-2022 10:31 AM",4843,123,NA,NA,NA,NA,NA
3,"May-04-2022 8:57 AM","May-01-2022 10:02 AM",4842,123,NA,NA,NA,NA,NA
4,"May-04-2022 8:57 AM","Apr-30-2022 11:06 AM",4841,123,NA,NA,NA,NA,NA
1,"May-10-2022 10:18 AM","Apr-29-2022 1:27 PM",4840,122,NA,NA,NA,NA,NA
3,"May-17-2022 11:02 AM","Apr-29-2022 10:36 AM",4839,124,NA,NA,NA,NA,NA
4,"May-31-2022 8:17 AM","Apr-29-2022 10:28 AM",4838,125,NA,NA,NA,NA,NA
1,"May-04-2022 8:57 AM","Apr-29-2022 10:02 AM",4837,123,NA,NA,NA,NA,NA
5,"May-18-2022 8:05 AM","Apr-29-2022 9:19 AM",4836,124,NA,NA,NA,NA,NA
3,"May-09-2022 2:25 PM","Apr-29-2022 9:17 AM",4835,124,NA,NA,NA,NA,NA
3,"May-06-2022 2:13 PM","Apr-29-2022 9:16 AM",4834,124,NA,NA,NA,NA,NA
1,"May-12-2022 10:41 AM","Apr-28-2022 2:28 PM",4833,122,NA,NA,NA,NA,NA
3,"Sep-12-2022 2:18 PM","Apr-28-2022 11:00 AM",4832,122,125,128,133,NA,NA
4,"Jul-12-2022 6:09 PM","Apr-28-2022 9:59 AM",4831,128,NA,NA,NA,NA,NA
4,"May-17-2022 9:36 AM","Apr-28-2022 9:57 AM",4830,124,NA,NA,NA,NA,NA
1,"May-17-2022 9:36 AM","Apr-28-2022 9:57 AM",4829,124,NA,NA,NA,NA,NA
1,"May-14-2022 8:17 AM","Apr-28-2022 9:57 AM",4828,124,NA,NA,NA,NA,NA
3,"May-14-2022 8:17 AM","Apr-28-2022 9:56 AM",4827,124,NA,NA,NA,NA,NA
4,"May-18-2022 8:06 AM","Apr-28-2022 9:56 AM",4826,124,NA,NA,NA,NA,NA
1,"May-17-2022 8:37 PM","Apr-28-2022 9:56 AM",4825,124,NA,NA,NA,NA,NA
3,"May-17-2022 8:36 PM","Apr-28-2022 9:56 AM",4824,124,NA,NA,NA,NA,NA
4,"May-17-2022 8:36 PM","Apr-28-2022 9:55 AM",4823,124,NA,NA,NA,NA,NA
4,"May-12-2022 5:05 PM","Apr-28-2022 9:55 AM",4822,124,NA,NA,NA,NA,NA
5,"May-04-2022 8:58 AM","Apr-28-2022 8:48 AM",4821,123,NA,NA,NA,NA,NA
5,"May-04-2022 8:57 AM","Apr-27-2022 8:18 AM",4820,123,NA,NA,NA,NA,NA
3,"May-20-2022 4:14 PM","Apr-26-2022 4:15 PM",4819,125,NA,NA,NA,NA,NA
1,"May-04-2022 8:58 AM","Apr-25-2022 9:23 AM",4817,123,NA,NA,NA,NA,NA
5,"May-04-2022 8:57 AM","Apr-22-2022 3:51 PM",4816,123,NA,NA,NA,NA,NA
0.5,"Apr-22-2022 4:29 PM","Apr-22-2022 3:19 PM",4815,123,NA,NA,NA,NA,NA
2,"May-04-2022 8:56 AM","Apr-21-2022 10:11 AM",4814,123,NA,NA,NA,NA,NA
2,"Apr-19-2022 9:18 PM","Apr-19-2022 3:59 PM",4813,122,NA,NA,NA,NA,NA
1,"May-04-2022 8:57 AM","Apr-19-2022 3:55 PM",4812,123,NA,NA,NA,NA,NA
3,"Sep-08-2022 10:40 AM","Apr-19-2022 3:52 PM",4810,133,NA,NA,NA,NA,NA
4,"Sep-06-2022 1:47 PM","Apr-19-2022 3:52 PM",4809,132,NA,NA,NA,NA,NA
4,"May-04-2022 8:47 AM","Apr-19-2022 3:52 PM",4808,123,NA,NA,NA,NA,NA
3,"May-18-2022 8:34 AM","Apr-19-2022 3:52 PM",4807,124,NA,NA,NA,NA,NA
5,"Sep-07-2022 8:51 AM","Apr-19-2022 3:51 PM",4806,132,NA,NA,NA,NA,NA
5,"May-04-2022 8:58 AM","Apr-19-2022 3:51 PM",4805,123,NA,NA,NA,NA,NA
1,"Apr-19-2022 3:58 PM","Apr-19-2022 2:50 PM",4804,122,NA,NA,NA,NA,NA
5,"Apr-23-2022 8:21 AM","Apr-19-2022 11:12 AM",4803,123,NA,NA,NA,NA,NA
3,"Apr-24-2022 7:33 AM","Apr-19-2022 11:11 AM",4802,123,NA,NA,NA,NA,NA
4,"May-04-2022 8:57 AM","Apr-18-2022 1:12 PM",4801,123,NA,NA,NA,NA,NA
2,"Jun-10-2022 11:45 AM","Apr-18-2022 1:11 PM",4800,123,NA,NA,NA,NA,NA
4,"May-04-2022 8:57 AM","Apr-18-2022 1:11 PM",4799,123,NA,NA,NA,NA,NA
4,"May-04-2022 8:57 AM","Apr-18-2022 1:10 PM",4798,123,NA,NA,NA,NA,NA
4,"May-04-2022 8:57 AM","Apr-18-2022 1:10 PM",4797,123,NA,NA,NA,NA,NA
3,"May-04-2022 8:57 AM","Apr-18-2022 1:10 PM",4796,123,NA,NA,NA,NA,NA
1,"May-04-2022 8:57 AM","Apr-18-2022 1:10 PM",4795,123,NA,NA,NA,NA,NA
3,"May-04-2022 8:57 AM","Apr-18-2022 1:09 PM",4794,123,NA,NA,NA,NA,NA
1,"May-04-2022 8:57 AM","Apr-18-2022 1:09 PM",4793,123,NA,NA,NA,NA,NA
3,"May-04-2022 8:50 AM","Apr-18-2022 9:32 AM",4792,123,NA,NA,NA,NA,NA
1,"Apr-17-2022 9:08 AM","Apr-17-2022 8:56 AM",4791,122,NA,NA,NA,NA,NA
2,"May-04-2022 9:00 AM","Apr-16-2022 10:58 AM",4789,123,NA,NA,NA,NA,NA
2,"Apr-18-2022 9:30 AM","Apr-14-2022 10:18 AM",4788,122,NA,NA,NA,NA,NA
4,"May-25-2022 9:11 AM","Apr-13-2022 11:26 AM",4787,125,NA,NA,NA,NA,NA
0.5,"May-04-2022 8:59 AM","Apr-12-2022 9:22 AM",4786,123,NA,NA,NA,NA,NA
4,"Apr-14-2022 9:56 AM","Apr-11-2022 1:24 PM",4785,122,NA,NA,NA,NA,NA
0.5,"Apr-11-2022 1:11 PM","Apr-11-2022 12:34 PM",4784,122,NA,NA,NA,NA,NA
1,"Apr-12-2022 1:31 PM","Apr-11-2022 8:34 AM",4783,122,NA,NA,NA,NA,NA
2,"Apr-17-2022 8:22 AM","Apr-10-2022 9:01 AM",4782,122,NA,NA,NA,NA,NA
4,"Apr-26-2022 10:11 AM","Apr-08-2022 11:21 AM",4780,121,122,NA,NA,NA,NA
2,"Apr-08-2022 11:43 AM","Apr-08-2022 11:15 AM",4779,121,NA,NA,NA,NA,NA
4,"Apr-11-2022 4:50 PM","Apr-08-2022 9:23 AM",4778,122,NA,NA,NA,NA,NA
2,"Apr-10-2022 10:13 AM","Apr-08-2022 8:58 AM",4777,122,NA,NA,NA,NA,NA
2,"Apr-14-2022 8:52 AM","Apr-07-2022 4:16 PM",4776,122,NA,NA,NA,NA,NA
1,"Apr-19-2022 3:58 PM","Apr-06-2022 2:06 PM",4775,122,NA,NA,NA,NA,NA
4,"May-16-2022 2:59 PM","Apr-06-2022 1:44 PM",4774,124,NA,NA,NA,NA,NA
3,"Apr-19-2022 3:58 PM","Apr-06-2022 11:27 AM",4773,122,NA,NA,NA,NA,NA
2,"Apr-14-2022 5:36 PM","Apr-06-2022 11:24 AM",4772,122,NA,NA,NA,NA,NA
2,"May-04-2022 8:49 AM","Apr-06-2022 11:24 AM",4771,123,NA,NA,NA,NA,NA
2,"Apr-11-2022 4:09 PM","Apr-06-2022 11:16 AM",4770,122,NA,NA,NA,NA,NA
4,"May-04-2022 8:49 AM","Apr-06-2022 11:13 AM",4769,123,NA,NA,NA,NA,NA
1,"Apr-08-2022 2:47 PM","Apr-06-2022 9:04 AM",4768,122,NA,NA,NA,NA,NA
1,"Apr-05-2022 7:27 PM","Apr-05-2022 7:21 PM",4767,121,NA,NA,NA,NA,NA
5,"Apr-05-2022 7:25 PM","Apr-05-2022 1:44 PM",4766,121,NA,NA,NA,NA,NA
3,"Apr-08-2022 11:22 AM","Apr-05-2022 1:11 PM",4765,121,NA,NA,NA,NA,NA
5,"Apr-05-2022 4:28 PM","Apr-04-2022 3:49 PM",4764,121,NA,NA,NA,NA,NA
3,"Apr-19-2022 11:10 AM","Apr-04-2022 11:34 AM",4763,122,NA,NA,NA,NA,NA
3,"May-04-2022 8:57 AM","Apr-04-2022 11:32 AM",4762,122,123,NA,NA,NA,NA
4,"May-27-2022 9:13 AM","Apr-04-2022 11:21 AM",4761,125,NA,NA,NA,NA,NA
3,"Jun-27-2022 9:35 AM","Apr-04-2022 11:07 AM",4760,127,NA,NA,NA,NA,NA
1,"Jun-20-2022 11:07 AM","Apr-04-2022 11:03 AM",4759,127,NA,NA,NA,NA,NA
2,"May-17-2022 9:54 AM","Apr-04-2022 11:01 AM",4758,124,NA,NA,NA,NA,NA
0.5,"Apr-04-2022 9:47 AM","Apr-04-2022 9:33 AM",4757,NA,NA,NA,NA,NA,NA
1,"Apr-08-2022 2:26 PM","Apr-02-2022 11:32 AM",4756,122,NA,NA,NA,NA,NA
0.5,"Apr-11-2022 3:09 PM","Apr-02-2022 11:31 AM",4755,122,NA,NA,NA,NA,NA
0.5,"Apr-05-2022 2:01 PM","Apr-02-2022 11:24 AM",4754,121,NA,NA,NA,NA,NA
3,"Apr-01-2022 2:06 PM","Apr-01-2022 2:06 PM",4753,121,NA,NA,NA,NA,NA
1,"Apr-01-2022 1:04 PM","Apr-01-2022 1:03 PM",4752,121,NA,NA,NA,NA,NA
1,"Apr-05-2022 4:52 PM","Mar-31-2022 4:53 PM",4751,121,NA,NA,NA,NA,NA
2,"Mar-31-2022 5:14 PM","Mar-31-2022 3:56 PM",4750,121,NA,NA,NA,NA,NA
3,"May-12-2022 2:00 PM","Mar-31-2022 3:42 PM",4749,124,NA,NA,NA,NA,NA
4,"Apr-18-2022 9:30 AM","Mar-31-2022 3:26 PM",4748,122,NA,NA,NA,NA,NA
3,"Apr-18-2022 9:30 AM","Mar-31-2022 3:13 PM",4747,122,NA,NA,NA,NA,NA
3,"Apr-13-2022 12:42 PM","Mar-31-2022 3:06 PM",4746,122,NA,NA,NA,NA,NA
3,"Apr-19-2022 9:18 PM","Mar-31-2022 3:05 PM",4745,122,NA,NA,NA,NA,NA
3,"Apr-19-2022 10:32 AM","Mar-31-2022 3:04 PM",4744,122,NA,NA,NA,NA,NA
3,"Apr-19-2022 5:05 PM","Mar-31-2022 3:03 PM",4743,122,NA,NA,NA,NA,NA
3,"Apr-19-2022 9:18 PM","Mar-31-2022 3:03 PM",4742,122,NA,NA,NA,NA,NA
4,"Apr-19-2022 7:39 AM","Mar-31-2022 3:03 PM",4741,122,NA,NA,NA,NA,NA
4,"Apr-18-2022 1:11 PM","Mar-31-2022 3:03 PM",4740,122,NA,NA,NA,NA,NA
4,"Apr-19-2022 7:39 AM","Mar-31-2022 3:02 PM",4739,122,NA,NA,NA,NA,NA
4,"Apr-18-2022 1:10 PM","Mar-31-2022 3:02 PM",4738,122,NA,NA,NA,NA,NA
2,"Apr-01-2022 11:52 AM","Mar-30-2022 10:43 AM",4737,121,NA,NA,NA,NA,NA
2,"Apr-01-2022 4:57 PM","Mar-30-2022 10:41 AM",4736,121,NA,NA,NA,NA,NA
4,"May-16-2022 2:59 PM","Mar-29-2022 9:53 AM",4733,121,122,NA,NA,NA,NA
5,"Apr-04-2022 3:49 PM","Mar-28-2022 3:56 PM",4732,121,NA,NA,NA,NA,NA
4,"May-12-2022 10:39 AM","Mar-28-2022 3:21 PM",4731,121,122,NA,NA,NA,NA
5,"Mar-30-2022 2:40 PM","Mar-28-2022 3:20 PM",4730,121,NA,NA,NA,NA,NA
1.5,"Mar-25-2022 5:43 PM","Mar-25-2022 5:43 PM",4729,121,NA,NA,NA,NA,NA
3,"Mar-28-2022 10:09 AM","Mar-25-2022 12:34 PM",4728,121,NA,NA,NA,NA,NA
1,"Mar-23-2022 11:26 AM","Mar-23-2022 11:18 AM",4727,121,NA,NA,NA,NA,NA
4,"Jun-10-2022 7:57 PM","Mar-23-2022 11:16 AM",4726,121,122,125,NA,NA,NA
2,"Jun-15-2022 4:54 PM","Mar-23-2022 11:15 AM",4725,121,122,125,NA,NA,NA
3,"Apr-08-2022 11:14 AM","Mar-23-2022 11:15 AM",4724,121,NA,NA,NA,NA,NA
3,"Apr-08-2022 11:14 AM","Mar-23-2022 11:13 AM",4723,121,NA,NA,NA,NA,NA
4,"Apr-19-2022 7:39 AM","Mar-23-2022 9:06 AM",4722,122,NA,NA,NA,NA,NA
4,"Apr-19-2022 7:39 AM","Mar-23-2022 9:06 AM",4721,122,NA,NA,NA,NA,NA
0.5,"Mar-22-2022 9:27 PM","Mar-22-2022 9:27 PM",4720,120,NA,NA,NA,NA,NA
4,"Apr-05-2022 1:41 PM","Mar-22-2022 8:58 PM",4719,121,NA,NA,NA,NA,NA
4,"Apr-05-2022 11:55 AM","Mar-22-2022 8:58 PM",4718,121,NA,NA,NA,NA,NA
2,"Jun-11-2022 8:56 AM","Mar-22-2022 8:58 PM",4717,126,NA,NA,NA,NA,NA
2,"Jun-11-2022 8:56 AM","Mar-22-2022 8:58 PM",4716,126,NA,NA,NA,NA,NA
5,"Mar-30-2022 10:38 AM","Mar-22-2022 8:58 PM",4715,121,NA,NA,NA,NA,NA
5,"Apr-01-2022 1:05 PM","Mar-22-2022 8:57 PM",4714,121,NA,NA,NA,NA,NA
4,"Aug-16-2022 10:57 AM","Mar-22-2022 11:05 AM",4713,131,NA,NA,NA,NA,NA
2,"Apr-05-2022 7:27 PM","Mar-22-2022 9:49 AM",4712,121,NA,NA,NA,NA,NA
2,"Apr-05-2022 4:27 PM","Mar-22-2022 9:49 AM",4711,121,NA,NA,NA,NA,NA
1,"Apr-02-2022 11:28 AM","Mar-22-2022 9:45 AM",4710,121,NA,NA,NA,NA,NA
1,"Apr-05-2022 1:38 PM","Mar-22-2022 9:45 AM",4709,121,NA,NA,NA,NA,NA
1,"Mar-28-2022 4:06 PM","Mar-22-2022 9:45 AM",4708,121,NA,NA,NA,NA,NA
4,"Apr-05-2022 11:54 AM","Mar-22-2022 9:43 AM",4707,121,NA,NA,NA,NA,NA
4,"Mar-31-2022 3:03 PM","Mar-22-2022 9:43 AM",4706,121,NA,NA,NA,NA,NA
4,"Apr-05-2022 1:43 PM","Mar-22-2022 9:43 AM",4705,121,NA,NA,NA,NA,NA
4,"Apr-01-2022 4:50 PM","Mar-22-2022 9:43 AM",4704,121,NA,NA,NA,NA,NA
3,"Apr-05-2022 1:43 PM","Mar-22-2022 9:41 AM",4703,121,NA,NA,NA,NA,NA
3,"Apr-05-2022 11:54 AM","Mar-22-2022 9:41 AM",4702,121,NA,NA,NA,NA,NA
3,"Mar-21-2022 1:19 PM","Mar-21-2022 1:15 PM",4700,120,NA,NA,NA,NA,NA
5,"Mar-22-2022 9:26 PM","Mar-18-2022 4:00 PM",4699,120,NA,NA,NA,NA,NA
1,"Mar-23-2022 3:55 PM","Mar-17-2022 12:56 PM",4698,121,NA,NA,NA,NA,NA
2,"Mar-31-2022 9:36 AM","Mar-17-2022 12:54 PM",4697,121,NA,NA,NA,NA,NA
2,"Apr-01-2022 1:04 PM","Mar-17-2022 12:51 PM",4696,121,NA,NA,NA,NA,NA
2,"Apr-02-2022 11:28 AM","Mar-17-2022 12:50 PM",4695,121,NA,NA,NA,NA,NA
0.5,"Mar-31-2022 2:21 PM","Mar-17-2022 12:50 PM",4694,121,NA,NA,NA,NA,NA
0.5,"Mar-18-2022 3:27 PM","Mar-17-2022 11:29 AM",4693,118,NA,NA,NA,NA,NA
5,"Mar-22-2022 3:38 PM","Mar-16-2022 3:14 PM",4692,120,NA,NA,NA,NA,NA
2,"Mar-21-2022 7:51 AM","Mar-16-2022 10:19 AM",4691,118,NA,NA,NA,NA,NA
3,"Mar-23-2022 11:10 AM","Mar-16-2022 10:06 AM",4690,118,NA,NA,NA,NA,NA
1,"Mar-21-2022 1:55 PM","Mar-16-2022 7:41 AM",4689,120,NA,NA,NA,NA,NA
2,"Mar-29-2022 1:37 PM","Mar-15-2022 10:50 AM",4688,120,NA,NA,NA,NA,NA
1,"Mar-16-2022 3:16 PM","Mar-15-2022 9:35 AM",4687,120,NA,NA,NA,NA,NA
4,"Mar-22-2022 8:58 PM","Mar-09-2022 11:52 AM",4686,120,NA,NA,NA,NA,NA
4,"Mar-23-2022 9:06 AM","Mar-09-2022 11:52 AM",4685,120,NA,NA,NA,NA,NA
5,"Apr-11-2022 5:01 PM","Mar-09-2022 11:20 AM",4684,120,NA,NA,NA,NA,NA
1,"Mar-22-2022 8:43 PM","Mar-08-2022 10:12 PM",4683,120,NA,NA,NA,NA,NA
5,"Mar-22-2022 8:57 PM","Mar-08-2022 10:12 PM",4682,120,NA,NA,NA,NA,NA
5,"Mar-22-2022 8:58 PM","Mar-08-2022 10:11 PM",4681,120,NA,NA,NA,NA,NA
5,"Mar-08-2022 10:05 PM","Mar-07-2022 11:11 AM",4680,119,NA,NA,NA,NA,NA
5,"Mar-08-2022 4:49 PM","Mar-07-2022 11:08 AM",4679,119,NA,NA,NA,NA,NA
4,"Mar-04-2022 5:59 PM","Mar-04-2022 5:58 PM",4678,118,NA,NA,NA,NA,NA
4,"Mar-04-2022 5:59 PM","Mar-04-2022 5:58 PM",4677,118,NA,NA,NA,NA,NA
0.5,"Mar-04-2022 5:40 PM","Mar-04-2022 5:34 PM",4676,118,NA,NA,NA,NA,NA
0.5,"Mar-04-2022 4:32 PM","Mar-04-2022 4:31 PM",4675,119,NA,NA,NA,NA,NA
4,"Mar-07-2022 11:07 AM","Mar-04-2022 10:59 AM",4674,119,NA,NA,NA,NA,NA
1,"Jun-18-2022 10:36 AM","Mar-04-2022 8:45 AM",4673,127,NA,NA,NA,NA,NA
1.5,"Mar-03-2022 6:25 PM","Mar-03-2022 6:19 PM",4672,NA,NA,NA,NA,NA,NA
3,"Mar-04-2022 10:16 AM","Mar-03-2022 11:13 AM",4671,119,NA,NA,NA,NA,NA
5,"Mar-22-2022 2:54 PM","Mar-03-2022 10:43 AM",4670,120,NA,NA,NA,NA,NA
2,"Apr-01-2022 4:53 PM","Mar-02-2022 4:37 PM",4669,121,NA,NA,NA,NA,NA
2,"Mar-08-2022 4:45 PM","Mar-02-2022 4:36 PM",4668,119,NA,NA,NA,NA,NA
2,"Mar-04-2022 3:35 PM","Mar-02-2022 1:17 PM",4667,119,NA,NA,NA,NA,NA
3,"Mar-22-2022 8:46 PM","Mar-02-2022 12:24 PM",4666,120,NA,NA,NA,NA,NA
3,"Mar-22-2022 3:16 PM","Mar-02-2022 12:24 PM",4665,120,NA,NA,NA,NA,NA
3,"Mar-08-2022 1:20 PM","Mar-02-2022 12:19 PM",4664,119,NA,NA,NA,NA,NA
3,"Mar-04-2022 10:57 AM","Mar-02-2022 12:19 PM",4663,119,NA,NA,NA,NA,NA
4,"Mar-21-2022 4:17 PM","Mar-02-2022 12:00 PM",4662,120,NA,NA,NA,NA,NA
4,"Mar-22-2022 8:45 PM","Mar-02-2022 11:59 AM",4661,120,NA,NA,NA,NA,NA
2,"Mar-22-2022 8:58 PM","Mar-02-2022 11:57 AM",4660,120,NA,NA,NA,NA,NA
2,"Mar-22-2022 8:58 PM","Mar-02-2022 11:57 AM",4659,120,NA,NA,NA,NA,NA
2,"Mar-08-2022 4:49 PM","Mar-02-2022 11:32 AM",4658,119,NA,NA,NA,NA,NA
3,"Mar-02-2022 1:17 PM","Mar-02-2022 10:13 AM",4657,119,NA,NA,NA,NA,NA
3,"Mar-02-2022 11:17 AM","Mar-01-2022 4:10 PM",4656,119,NA,NA,NA,NA,NA
5,"Mar-29-2022 7:01 PM","Feb-28-2022 4:42 PM",4652,121,NA,NA,NA,NA,NA
3,"Mar-01-2022 3:53 PM","Feb-24-2022 12:19 PM",4649,119,NA,NA,NA,NA,NA
4,"Mar-08-2022 1:22 PM","Feb-22-2022 11:44 AM",4637,119,NA,NA,NA,NA,NA
2,"Mar-02-2022 2:34 PM","Feb-22-2022 11:44 AM",4636,119,NA,NA,NA,NA,NA
2,"Mar-07-2022 10:06 AM","Feb-22-2022 11:44 AM",4635,119,NA,NA,NA,NA,NA
2,"Mar-02-2022 12:21 PM","Feb-22-2022 11:43 AM",4634,119,NA,NA,NA,NA,NA
2,"Mar-04-2022 3:36 PM","Feb-19-2022 11:15 AM",4633,119,NA,NA,NA,NA,NA
3,"Mar-08-2022 1:22 PM","Feb-18-2022 5:10 PM",4631,119,NA,NA,NA,NA,NA
2,"Mar-18-2022 3:57 PM","Feb-11-2022 9:56 AM",4620,118,NA,NA,NA,NA,NA
4,"Mar-04-2022 5:58 PM","Feb-10-2022 8:48 AM",4617,118,NA,NA,NA,NA,NA
4,"Mar-04-2022 5:58 PM","Feb-10-2022 8:48 AM",4616,118,NA,NA,NA,NA,NA
4,"Mar-04-2022 5:58 PM","Feb-10-2022 8:48 AM",4615,118,NA,NA,NA,NA,NA
4,"Mar-04-2022 5:23 PM","Feb-10-2022 8:47 AM",4614,118,NA,NA,NA,NA,NA
1.5,"May-02-2022 8:42 AM","Feb-09-2022 2:43 PM",4611,118,121,122,NA,NA,NA
5,"Mar-15-2022 10:18 AM","Feb-08-2022 2:46 PM",4606,120,NA,NA,NA,NA,NA
3,"Mar-08-2022 1:21 PM","Feb-08-2022 10:48 AM",4604,119,NA,NA,NA,NA,NA
3,"Mar-08-2022 1:39 PM","Feb-08-2022 10:48 AM",4603,119,NA,NA,NA,NA,NA
3,"Mar-08-2022 1:40 PM","Feb-07-2022 10:30 AM",4598,119,NA,NA,NA,NA,NA
4,"Mar-16-2022 3:17 PM","Feb-01-2022 2:41 PM",4577,118,NA,NA,NA,NA,NA
4,"Apr-04-2022 7:15 PM","Jan-31-2022 4:07 PM",4569,116,118,121,NA,NA,NA
3,"Mar-28-2022 4:21 PM","Jan-31-2022 10:22 AM",4568,116,118,121,NA,NA,NA
1,"Mar-24-2022 7:57 AM","Jan-25-2022 10:46 AM",4550,121,NA,NA,NA,NA,NA
1,"Mar-02-2022 12:18 PM","Jan-13-2022 2:04 PM",4519,119,NA,NA,NA,NA,NA
1,"Mar-02-2022 10:56 AM","Jan-11-2022 2:18 PM",4505,119,NA,NA,NA,NA,NA
4,"Mar-03-2022 10:54 AM","Jan-11-2022 2:17 PM",4504,119,NA,NA,NA,NA,NA
2,"Mar-02-2022 11:18 AM","Jan-07-2022 2:35 PM",4489,119,NA,NA,NA,NA,NA
6,"Apr-25-2022 5:16 PM","Dec-23-2021 10:14 AM",4469,115,116,117,118,121,122
4,"Mar-22-2022 9:43 AM","Dec-13-2021 9:19 AM",4449,120,NA,NA,NA,NA,NA
3,"May-10-2022 1:14 PM","Nov-18-2021 1:23 PM",4369,113,133,NA,NA,NA,NA
4,"Mar-22-2022 9:45 AM","Nov-09-2021 1:42 PM",4346,120,NA,NA,NA,NA,NA
1,"Aug-21-2022 10:43 AM","Oct-15-2021 2:28 PM",4255,131,NA,NA,NA,NA,NA
3,"May-02-2022 8:42 AM","Sep-14-2021 10:04 AM",4190,113,114,115,116,121,122
5,"May-10-2022 1:12 PM","Jul-27-2021 3:26 PM",3994,NA,NA,NA,NA,NA,NA
2,"Mar-01-2022 1:45 PM","Mar-15-2021 10:41 AM",3816,96,97,100,101,118,NA
